{
    "name": "Pixel Smash v.4.9.1.0 (Private Peng + Misc)",
    "description": "",
    "dependencies": {
        "device": "*",
        "Color Fading": "github:jwunderl/pxt-color#v0.2.2",
        "arcade-text": "github:microsoft/arcade-text#v1.3.0",
        "Timers": "github:microsoft/arcade-timers#v1.1.0",
        "arcade-background-scroll": "github:microsoft/arcade-background-scroll#6cfbf925b9a4d5ddf3e1078e6cf6ca6a1aebb301",
        "arcade-sprite-data": "github:microsoft/arcade-sprite-data#v0.2.1",
        "settings-blocks": "github:microsoft/pxt-settings-blocks#v1.0.0",
        "arcade-character-animations": "github:microsoft/arcade-character-animations#v0.0.2",
        "arcade-tile-util": "github:microsoft/arcade-tile-util#v1.0.1",
        "arcade-story": "github:microsoft/arcade-storytelling#v1.0.3",
        "InhouseLoadingAnimations": "github:UnsignedArduino/InhouseLoadingAnimations#v1.0.0",
        "arcade-sprite-util": "github:jwunderl/arcade-sprite-util#v0.3.1",
        "pxt-zoom": "github:kiwiphoenix364/pxt-zoom#v2.0.1",
        "arcade-mini-menu": "github:riknoll/arcade-mini-menu#c8b01b9d47f85a5133c786f1c026b1f376fe4285"
    },
    "files": [
        "main.blocks",
        "main.ts",
        "README.md",
        "assets.json",
        "tilemap.g.jres",
        "tilemap.g.ts"
    ],
    "testFiles": [
        "test.ts"
    ],
    "targetVersions": {
        "branch": "v1.12.26",
        "tag": "v1.12.26",
        "commits": "https://github.com/microsoft/pxt-arcade/commits/5913cfba52b36d2a23773b528b9c996b007c0e3f",
        "target": "1.12.61",
        "pxt": "8.5.38",
        "targetId": "arcade"
    },
    "supportedTargets": [
        "arcade"
    ],
    "preferredEditor": "tsprj"
}
